ID,coppaRisk
2807,0.08779141
1742,0.72899675
806,0.848115
2635,0.116006546
9047,0.052394718
3048,0.026142813
4691,0.86786383
1346,0.46268874
7045,0.02404893
958,0.8399221
331,0.14113942
1680,0.27007306
7086,0.09317486
1699,0.30102536
8360,0.052458044
5846,0.021668414
8630,0.08626757
8723,0.8658926
6489,0.04993023
8746,0.75512654
7155,0.087123886
1253,0.6942687
8529,0.83939373
2154,0.075835235
1643,0.7805073
1543,0.7998717
2560,0.048986193
3083,0.15508121
1631,0.07942674
4456,0.041468963
8915,0.746598
3411,0.034192417
1062,0.237809
6219,0.046103116
3621,0.040839493
3874,0.07329359
5246,0.048276156
8130,0.08248873
8776,0.90032893
7012,0.75031084
5252,0.75308245
2577,0.6613167
1138,0.8429978
4404,0.33048433
6996,0.08280216
3530,0.6884553
9679,0.16819444
6482,0.028365685
74,0.043898903
7103,0.026677951
1483,0.18132187
6244,0.10782508
1184,0.6693612
8362,0.047201045
3503,0.05311972
4665,0.8932651
439,0.14953119
733,0.6182902
1308,0.30761972
286,0.8284385
7345,0.104054384
7662,0.02243767
7063,0.057895534
1492,0.043599583
957,0.7637795
963,0.18960229
6499,0.052546524
7530,0.028008714
541,0.8350819
3020,0.052034874
8213,0.07642266
72,0.07717283
2427,0.07876526
4038,0.26841667
1781,0.045331042
4085,0.027441755
4390,0.04944316
9295,0.026346399
6324,0.04434857
4899,0.56683683
1359,0.27444905
8024,0.041828115
8558,0.84755397
8709,0.9131209
9947,0.86109036
3864,0.03958444
7484,0.63856137
2251,0.35266408
1920,0.82492614
6142,0.053828243
8969,0.05118164
2782,0.060292754
7214,0.08249782
2397,0.0494463
7631,0.06517214
3086,0.029380973
8316,0.041856732
2528,0.10871587
3286,0.0199065
2901,0.8210998
956,0.84876966
726,0.30155876
3308,0.09427571
9913,0.06562342
6432,0.08340559
2521,0.063800685
4536,0.07468114
6431,0.52988976
419,0.10871659
5206,0.14112273
5329,0.102441356
9568,0.082971
1020,0.847852
8027,0.09790424
7687,0.066466406
5545,0.024740275
6319,0.1659147
9068,0.023656022
5499,0.049943767
4807,0.8897538
7757,0.031158619
3271,0.04997645
4166,0.070864946
5230,0.07306012
3689,0.051031288
5288,0.11120845
1917,0.8086305
1027,0.41368964
3158,0.08307878
8177,0.09443292
3958,0.05463281
3291,0.057811886
6349,0.09083564
7727,0.03623602
4890,0.04677881
8519,0.2560266
9897,0.1818246
5278,0.67398524
4724,0.7714735
3815,0.052797545
7588,0.065467045
1506,0.2585934
8318,0.10878596
5530,0.046284452
1748,0.19228463
152,0.21577108
3423,0.09099439
4629,0.072439596
6390,0.041956544
1566,0.60305923
6716,0.04313876
3603,0.6629905
2806,0.7128518
1037,0.8117641
8627,0.8236392
155,0.051267277
8193,0.074492976
8259,0.87406534
2837,0.052107718
2069,0.8748913
529,0.0824906
1493,0.20717421
5773,0.06285361
3949,0.05708645
1805,0.8059743
7151,0.046930548
3237,0.061001413
7902,0.043620408
7865,0.02929666
1565,0.8421287
1904,0.70208627
3792,0.026509793
1151,0.80832356
9660,0.45627397
4563,0.08248873
2218,0.060824893
9092,0.6400224
8336,0.044372614
3157,0.8231335
1795,0.43693888
4644,0.0601287
8001,0.036779564
7359,0.032109383
7258,0.06749873
8585,0.7093252
2182,0.055261914
9021,0.076333456
6348,0.034307063
9027,0.08998407
1652,0.049672287
9059,0.05006506
6774,0.025128884
5026,0.70406276
5919,0.03772725
5195,0.6586982
3832,0.34193558
7418,0.029800192
4015,0.6903944
1388,0.79987717
4122,0.5894959
5217,0.082361616
7906,0.04347953
6742,0.72654265
7574,0.048974387
1404,0.3533414
9531,0.08012473
6866,0.040001474
2158,0.03002397
9256,0.071513556
2130,0.8326431
9852,0.5703176
2581,0.07971349
5095,0.31421617
7837,0.027492177
9912,0.67002314
7827,0.02818839
3382,0.0633938
5551,0.047353327
9875,0.07185262
4491,0.10168998
3720,0.074451864
9909,0.16428791
1892,0.84775406
9505,0.30166724
4019,0.038255714
8826,0.8868877
3178,0.08169126
9188,0.7835639
4855,0.05614053
420,0.071254775
3270,0.14412296
1725,0.8580264
2815,0.8195865
1850,0.9129467
7186,0.046312213
7770,0.07699804
378,0.29045126
5498,0.608564
1409,0.041994024
9685,0.073605716
575,0.05688519
8762,0.89555556
3836,0.71335757
7936,0.06326972
7017,0.024126997
2518,0.06791787
7733,0.5686018
2702,0.08169126
8925,0.02714186
8461,0.39988878
4134,0.103524484
6197,0.09365521
5231,0.0973173
2507,0.114778176
2921,0.37738368
7851,0.06940914
4128,0.057863552
519,0.116511084
4964,0.06771622
2818,0.028847255
3441,0.70801526
2488,0.061769236
1382,0.50921994
2583,0.34824413
6631,0.05583366
7112,0.077346556
2018,0.9159621
2505,0.08733501
5149,0.052831113
9814,0.04514032
2243,0.04965868
5953,0.02403037
629,0.08231397
3079,0.08065528
3639,0.04804449
7790,0.03694063
6174,0.07358535
8953,0.029221289
6087,0.03772725
9765,0.045476053
3943,0.08172117
4130,0.08989149
2213,0.019747099
8386,0.8195865
8850,0.38923654
1046,0.32154718
7556,0.24563327
4650,0.67008525
7170,0.06341777
8751,0.6136579
5889,0.072672576
3823,0.025406407
2160,0.6957671
6426,0.047690377
9475,0.028406816
4245,0.1010361
9726,0.41278413
3367,0.065605864
769,0.8593934
7456,0.07583244
2312,0.058152694
5245,0.054006893
3348,0.43769205
7720,0.04196494
8459,0.66737056
1257,0.8222124
2331,0.90394783
1185,0.88387924
5840,0.046417765
2828,0.077078395
1853,0.28826916
5988,0.059462648
5973,0.065683514
9271,0.051302023
3599,0.0714996
6457,0.060344767
930,0.071140565
4633,0.15515885
8192,0.0446292
8149,0.08608059
6723,0.78549844
9659,0.06857268
1538,0.21612181
5915,0.037363153
3571,0.0832919
4049,0.025679938
3672,0.81149685
2257,0.03294015
4744,0.05415369
8708,0.7207121
8162,0.09759703
9327,0.033667598
9896,0.07631439
7340,0.05915733
8743,0.89369214
1016,0.382842
8717,0.7898879
6767,0.06646016
5500,0.05838873
8237,0.048619393
9012,0.031469107
7828,0.07914083
6025,0.03435317
5608,0.04067901
6993,0.030856008
6301,0.028681442
6615,0.04196494
7427,0.041986454
979,0.11182852
3416,0.027185319
9977,0.55049783
9706,0.067674294
4920,0.512497
9582,0.29699397
5933,0.06968546
4672,0.08229387
716,0.73628265
3940,0.0659739
6893,0.07719391
3092,0.5813324
2919,0.031653658
6544,0.06421987
7613,0.032122094
2131,0.8545515
1790,0.6682847
2304,0.16483477
6530,0.054385237
5839,0.048669472
13,0.8089278
353,0.06123078
6704,0.032162648
4774,0.7009506
6370,0.024074046
2639,0.019747099
5297,0.046254307
6396,0.21507284
1377,0.58573884
5058,0.039037734
4740,0.17488295
881,0.69949806
7102,0.021402957
2437,0.74917775
2598,0.044964403
5249,0.05569463
5548,0.04576429
5331,0.07983784
4796,0.8220306
8168,0.038204897
2256,0.79122686
2025,0.7396769
2281,0.65038496
9980,0.5199556
2954,0.54012823
6853,0.08073018
9684,0.43536356
1885,0.8679206
2171,0.09017721
1831,0.91266304
1077,0.16563451
9591,0.06643272
8032,0.042538766
6394,0.0528991
7310,0.03170905
8101,0.13320725
2,0.07016205
6104,0.047936533
380,0.11329905
6408,0.072486304
9719,0.033469144
6137,0.04373576
7587,0.024153356
7866,0.04654877
6328,0.06768607
7756,0.08175574
7655,0.10033452
212,0.05909512
8596,0.5001444
9887,0.07143778
6682,0.074451864
4176,0.5807597
700,0.8266941
6543,0.031077081
6229,0.052828204
7559,0.06509406
2015,0.7442614
2493,0.032442175
5655,0.027997391
6931,0.4867684
7868,0.026541624
7759,0.2958267
3806,0.33844456
6731,0.58363855
2529,0.03154383
3400,0.17265841
654,0.8413529
1792,0.830287
5977,0.08829313
3343,0.06256015
2477,0.7436935
3790,0.30666137
4634,0.11398249
1058,0.82683533
1820,0.83391947
250,0.06301429
1727,0.78195584
7900,0.05655732
4499,0.06654004
9118,0.06562342
5380,0.045905072
6083,0.06666994
6063,0.049276914
6519,0.045024164
2482,0.029802483
3166,0.368981
3933,0.051168315
66,0.12545745
8593,0.6414026
5171,0.07843579
9479,0.65579295
6243,0.05693012
5665,0.026209934
2016,0.7344148
2556,0.8343642
6325,0.0425789
5411,0.072329305
7420,0.050778486
8427,0.82185495
5020,0.0740014
1066,0.7800555
7396,0.077953115
6955,0.028844286
2949,0.026035618
5039,0.49972954
8436,0.72950435
2396,0.034600414
5068,0.10047321
3838,0.06846772
7809,0.09875317
3749,0.04417716
8668,0.60234207
1789,0.86132324
8913,0.05006506
4163,0.055608194
1561,0.28650928
1649,0.14746492
9941,0.04602871
6815,0.06768607
9069,0.18578532
4087,0.042309888
6491,0.074585706
9518,0.5214082
3501,0.04746166
8911,0.07362669
6675,0.041713808
3422,0.025406284
7661,0.043387663
2032,0.66884243
2209,0.74917775
1819,0.47674453
9752,0.06730821
891,0.6401431
4673,0.49939063
810,0.11534046
9717,0.5904959
4987,0.4781401
1201,0.14940003
3397,0.04848332
1848,0.7065743
8905,0.14902037
326,0.8372015
8069,0.04237292
2988,0.03154383
5862,0.33844456
6749,0.058221534
2045,0.72601604
424,0.087571174
1694,0.23421158
6823,0.024423726
2941,0.024035068
7417,0.060374215
8728,0.33886895
624,0.13128349
205,0.0903141
1009,0.40495145
1239,0.6223126
9689,0.109688826
6016,0.039981116
2712,0.028416278
1627,0.087371714
3487,0.58466184
7991,0.055372097
4194,0.034908786
3544,0.026281305
3194,0.63903767
3827,0.0748578
8497,0.8377388
4089,0.03004574
6563,0.067376465
2986,0.032652877
2872,0.7344811
8025,0.65889627
4792,0.768551
3406,0.033996824
3187,0.030647973
1089,0.3008488
2895,0.090924874
9946,0.29885563
5957,0.06930579
4375,0.591197
4747,0.11170717
2105,0.8394369
2774,0.031645518
1053,0.78102237
1603,0.1334164
7338,0.020875793
4483,0.061920963
1844,0.7883852
7503,0.402793
2874,0.8231186
8603,0.54024327
8369,0.057446644
3757,0.024928277
7760,0.57409
2210,0.06257914
9039,0.06862474
4923,0.0714996
409,0.73016495
3604,0.42823714
2645,0.026142813
7930,0.04494487
6789,0.7879059
77,0.043282535
4906,0.60555387
1743,0.17597957
5172,0.086694926
8030,0.051168315
666,0.83821225
6435,0.045024164
6940,0.06223981
5552,0.5801453
4537,0.20637713
7061,0.05465887
7092,0.049928583
4891,0.054764014
2726,0.06257914
9965,0.8384317
3535,0.08098954
6220,0.051073704
3299,0.070964664
2891,0.03161117
5924,0.057284024
3676,0.06567008
3504,0.47635078
3624,0.026153676
1674,0.6809189
4968,0.045121394
8763,0.898708
9861,0.043749146
2367,0.07337233
4257,0.051301118
7576,0.059981454
4370,0.5017321
752,0.8259406
535,0.030132588
4758,0.77019423
2650,0.018353116
9695,0.06265678
4045,0.48595017
3011,0.06662967
355,0.72939235
6926,0.07159004
1556,0.15770367
4223,0.03556346
2922,0.23713996
1512,0.8471684
9546,0.082585715
4990,0.22383331
6803,0.07290277
1372,0.78826046
7445,0.017907137
554,0.31791565
4777,0.13052487
299,0.061885424
7594,0.40411204
6506,0.049943767
8885,0.066267736
7281,0.02614029
9881,0.5094354
6224,0.064641036
6821,0.6871447
6916,0.92298996
1042,0.8113112
4465,0.89740336
2594,0.74917775
1918,0.8330288
8577,0.6245844
5897,0.051916726
6867,0.07264538
1268,0.2641796
2447,0.6752994
801,0.20346808
1985,0.79996043
6782,0.633139
8216,0.044798873
7313,0.050107256
7899,0.12659769
3208,0.27950308
4646,0.6552205
4300,0.10338647
528,0.11991164
8223,0.067936875
728,0.7156387
4666,0.048380606
9276,0.14598401
9701,0.5040447
2416,0.09493757
5628,0.5203465
8827,0.90985596
9818,0.060514938
1796,0.8265549
1321,0.8380842
5300,0.06215574
2490,0.017907137
6680,0.03614486
9589,0.04886558
6466,0.037659556
3119,0.0825236
4706,0.11454784
4635,0.04412145
5799,0.06422408
2694,0.03351637
4149,0.5827736
1497,0.07432216
608,0.66792095
9197,0.071513556
1650,0.09167811
2616,0.6710374
8399,0.83142996
7754,0.55707145
1369,0.08646946
5790,0.06269285
5089,0.123589054
3278,0.11805956
3774,0.54149103
7364,0.04711113
4942,0.07179594
4887,0.90068674
1446,0.06875521
8265,0.052673724
432,0.18651772
7732,0.025924012
1293,0.3056332
6433,0.04319153
3670,0.030301629
6418,0.08277654
3215,0.046698406
2135,0.6914219
8551,0.82248574
7738,0.043967582
3923,0.28959158
4944,0.6754076
2890,0.7848522
8712,0.90955514
6637,0.047615048
8611,0.71164876
9083,0.034022626
8105,0.08936007
4590,0.13067546
5,0.342788
4869,0.027306218
2374,0.16745025
8021,0.019386325
5814,0.050707832
3112,0.072311684
8532,0.36690372
9057,0.022823025
7482,0.14553623
1090,0.8598746
527,0.073527716
5503,0.020521328
1722,0.23160748
6552,0.039776333
2315,0.04396688
5314,0.10401107
2342,0.9377348
5937,0.07616576
1287,0.8348376
6841,0.046240468
1,0.84982526
4008,0.103524484
6569,0.7952702
7957,0.03447239
3740,0.3886864
1355,0.86995393
4315,0.72074986
7686,0.051820263
2769,0.09111041
669,0.75383776
4070,0.022158854
377,0.1192959
113,0.13852702
2424,0.19467928
7435,0.4021351
2155,0.018999524
4341,0.0646341
2479,0.08065528
414,0.12862374
3108,0.07400581
3370,0.07347305
3128,0.049570102
9862,0.021415776
2659,0.7837571
4793,0.058865085
1353,0.8046664
4377,0.58696204
5091,0.07939509
3957,0.5361144
9359,0.027083863
3947,0.04605513
5526,0.048082765
8731,0.6709998
4160,0.0721952
7789,0.075338416
615,0.07910271
730,0.153172
5128,0.029641667
9633,0.6637236
8563,0.6135044
4430,0.04186156
5563,0.07295379
8034,0.038076177
4091,0.07290277
674,0.8529498
8530,0.89254135
8397,0.08169126
1166,0.5645562
3980,0.45382106
636,0.83512896
5490,0.5841725
5416,0.04881004
3180,0.095841035
4259,0.4868825
2456,0.44843856
8252,0.06868595
178,0.06901311
7049,0.11483206
6719,0.042096563
7184,0.05079647
1025,0.06427512
2494,0.10321287
4056,0.15995657
6937,0.060477678
560,0.8098007
2555,0.0342225
6258,0.058831185
8211,0.028363936
3071,0.6957671
8345,0.05264746
4349,0.11610733
766,0.7886154
8571,0.7265979
1916,0.8354826
469,0.05787992
1049,0.17233771
4571,0.09355971
9325,0.24614646
6974,0.06771513
6047,0.7227194
7549,0.023862509
762,0.8442088
6611,0.055332832
7074,0.05761884
5262,0.6581377
9484,0.07168399
1083,0.14239831
2497,0.064054884
94,0.13967592
8862,0.07744594
6214,0.14170995
8325,0.24742459
517,0.13139932
2394,0.058388952
9976,0.38779336
873,0.3060324
6752,0.051285185
1845,0.8602751
530,0.08389557
4866,0.08082732
8061,0.5917009
4710,0.8277772
2590,0.8343642
589,0.2098505
7451,0.077346556
1932,0.2332034
2783,0.018956982
706,0.5545213
5063,0.08344232
6072,0.04377508
6066,0.032810077
9284,0.050951924
8781,0.8984749
8641,0.78262365
5253,0.037729513
7010,0.109216996
7637,0.4343981
489,0.15720958
7324,0.02381955
9321,0.038738858
3004,0.097789906
5420,0.03859527
7371,0.032109383
4101,0.056013245
6008,0.69611484
5117,0.06337393
1467,0.7196769
8095,0.07231653
3714,0.7148187
2637,0.6153519
2107,0.85390514
870,0.84095967
703,0.91455096
1305,0.79616344
4928,0.62804645
6369,0.03094756
3452,0.05116345
2958,0.7170189
4360,0.048572466
105,0.82711655
407,0.122117005
8131,0.039938804
6179,0.6040054
2855,0.018342474
2640,0.10069437
714,0.7653859
3899,0.07562887
1784,0.7724218
3679,0.048318002
5703,0.8707881
6398,0.51808727
1710,0.18100338
1064,0.8526911
3866,0.089495316
3891,0.5852646
8390,0.06892619
5423,0.048469163
8875,0.02493932
9784,0.046474088
2012,0.14645937
8754,0.059867088
9772,0.047874592
5286,0.11952549
2584,0.111663155
3007,0.032652877
5767,0.051810503
9421,0.047946893
8333,0.5924305
9558,0.047458302
6249,0.08219826
3627,0.07021652
9225,0.77981216
5605,0.02216975
8994,0.088608675
4028,0.0655023
9787,0.29530498
3185,0.6941814
1934,0.7582538
1926,0.857766
4461,0.0530866
3385,0.0633938
6360,0.030111652
5373,0.15972231
4195,0.7715056
4120,0.05271743
5650,0.5527504
9705,0.07432771
2093,0.80881983
3903,0.030908264
852,0.22044621
4110,0.044534624
4690,0.72298604
2151,0.029779693
5183,0.06386083
739,0.7145943
7835,0.028583724
9791,0.60278636
8841,0.46287543
6818,0.33165678
4044,0.07562887
9372,0.48995948
9299,0.04069287
3896,0.07466351
410,0.08528551
3738,0.28874034
8909,0.03424035
3908,0.65586483
6364,0.59749055
6659,0.03437642
3009,0.1148522
4203,0.23958103
1771,0.3131897
9762,0.021832578
9766,0.432044
8859,0.03370572
8442,0.60712886
9428,0.6863347
1624,0.07502578
5182,0.029302008
8310,0.49695817
1663,0.725519
1168,0.81566066
9694,0.58771354
9824,0.049848977
473,0.14940256
1169,0.7538703
9906,0.03143484
6725,0.7898879
8791,0.65138537
7183,0.07152404
3383,0.7860122
3462,0.0425789
8639,0.78142977
217,0.0919362
7488,0.08955284
5427,0.79688716
7428,0.06209919
5990,0.06422086
1763,0.44445094
8834,0.8118773
9530,0.07168399
3358,0.6425604
27,0.06601433
8253,0.47759846
321,0.16598202
5868,0.06993114
1119,0.80781317
3626,0.64551324
7806,0.050465535
6633,0.54523546
459,0.028296731
3361,0.4273238
4484,0.021584043
9607,0.53138036
2652,0.846584
9757,0.08736712
6977,0.02861
4172,0.032758065
3747,0.027306218
9398,0.04574837
6051,0.031082703
2322,0.086595364
1161,0.66828877
829,0.11761887
634,0.067263715
8889,0.17322932
8484,0.8384924
4372,0.54250216
7774,0.051313475
3240,0.031645518
3044,0.05950364
1855,0.8544706
5130,0.5118566
8405,0.9130271
9739,0.078860186
2334,0.03810722
8858,0.017346753
3255,0.052217923
6712,0.0670321
2926,0.01969845
4736,0.7051241
9269,0.7551698
820,0.72583425
7374,0.078059666
3964,0.7568891
1162,0.8188862
5684,0.0714996
7078,0.05465887
557,0.08675239
7491,0.018736415
317,0.80797136
8783,0.86528695
9878,0.031176027
551,0.049792714
1793,0.0545384
929,0.20169601
1833,0.9105065
4112,0.30024773
3051,0.34497768
5619,0.5836578
1901,0.44346938
3177,0.17085236
422,0.89453083
7357,0.058134567
6118,0.074055254
8960,0.21193214
6043,0.48394215
8581,0.6483078
9340,0.05420348
3405,0.063508
2487,0.0668726
7901,0.060579073
9905,0.045149446
3164,0.071996234
1092,0.8485823
6888,0.030534793
8608,0.6479176
259,0.33792374
3739,0.68359035
8017,0.33165678
4323,0.64721084
3264,0.05272432
2172,0.75404614
924,0.14378136
7643,0.068358794
8615,0.64334285
5762,0.042332854
8132,0.047232445
5886,0.07518617
5744,0.03176973
1348,0.8021577
1485,0.7953871
4433,0.09683067
552,0.33543313
895,0.2670915
9502,0.44881868
2951,0.056575514
9756,0.0434804
5215,0.07294997
3637,0.048182324
8642,0.8690937
7761,0.078471646
6529,0.057823244
309,0.046919733
8136,0.75414777
3425,0.054645274
1368,0.054268997
2049,0.73773783
342,0.06986875
1107,0.8415249
9742,0.40748122
2717,0.065045066
1981,0.8117839
9067,0.6582408
1896,0.29680437
2197,0.05897617
6605,0.06823219
4222,0.06903617
5150,0.057633743
5199,0.016285565
6924,0.1240071
7020,0.017907137
4589,0.17292991
4626,0.11907799
5323,0.8507244
148,0.09116895
53,0.17012767
2088,0.7916642
9303,0.06789572
5855,0.07869134
7219,0.01947099
387,0.82475996
5158,0.07287187
5316,0.76075625
4582,0.67209375
8275,0.02034415
11,0.4012325
7538,0.15589784
6444,0.04284977
1569,0.6459367
2501,0.042894255
8713,0.39362326
5120,0.7025365
7469,0.022422127
6471,0.06930604
9243,0.6944991
3841,0.040834986
3073,0.062070172
2433,0.1548238
1830,0.9038842
6413,0.060651395
1542,0.16696052
481,0.08176498
1597,0.82796055
240,0.44608694
3476,0.038338143
1103,0.85324556
6630,0.05324935
332,0.35736418
9843,0.07168399
7213,0.19217743
2400,0.7537605
3540,0.049194917
4902,0.046760768
5401,0.034613095
3277,0.05950364
5479,0.07202784
732,0.059013218
9780,0.062169462
1087,0.15224029
4808,0.06993286
1223,0.38120833
2496,0.39197975
1389,0.84807616
6550,0.09035625
5525,0.048576962
3588,0.044796154
8796,0.9018887
2444,0.054740954
9184,0.112209454
1335,0.09452069
2119,0.84698963
5334,0.12622431
8055,0.70701486
8600,0.84794784
2380,0.060292754
9471,0.07683944
5625,0.049194917
8401,0.74905837
7384,0.03516051
5687,0.11317933
3648,0.060200464
6207,0.040608175
5184,0.079778984
3633,0.66038513
2948,0.04396688
6730,0.05001844
8007,0.02003656
7144,0.017917529
4399,0.055972252
5966,0.05638911
5734,0.041913584
8022,0.022328055
2848,0.18707472
9028,0.0747173
6760,0.33844456
1393,0.80258155
1688,0.8659788
5391,0.071436375
2880,0.0509011
3451,0.78549844
3728,0.024664477
2627,0.07536913
995,0.2639433
1634,0.1508405
7413,0.9000528
3121,0.022264117
819,0.17223868
2285,0.03639325
6150,0.039344124
7124,0.08312838
2360,0.04810019
3883,0.047650866
5282,0.056586206
1419,0.26489064
390,0.14634082
1427,0.068904445
3279,0.08230028
8800,0.8525775
2603,0.7333503
1767,0.78717875
9506,0.3763733
9925,0.8284877
3338,0.7700946
131,0.020948857
9911,0.039678376
1995,0.8617562
4978,0.05591293
3686,0.050642043
228,0.14985435
8102,0.17247227
2936,0.05364858
1332,0.7965969
2443,0.08300738
7087,0.060292754
7351,0.06306109
5256,0.043260287
9453,0.06729886
9422,0.50022346
2666,0.08759533
7872,0.02576691
1628,0.03760535
981,0.80109143
4041,0.6551032
643,0.7917865
8282,0.078759916
898,0.7162982
162,0.6597739
1111,0.7937645
8559,0.75413996
7561,0.09530797
6238,0.06126185
7522,0.041876797
8688,0.5988582
8525,0.5125259
9334,0.2439155
917,0.7627086
442,0.047363386
9033,0.76229507
2348,0.05898023
356,0.47307098
9167,0.082717925
8678,0.8864225
204,0.10617912
6201,0.06875712
4290,0.021431897
471,0.06631518
6943,0.07862229
659,0.6387559
9687,0.34577227
3955,0.17003426
5679,0.05539797
1987,0.7728295
9052,0.8053876
4406,0.08566366
5016,0.07503257
5597,0.062156107
9373,0.18711296
4031,0.038492072
9950,0.8582569
406,0.05966544
5696,0.024883209
4301,0.04046963
222,0.41001874
2523,0.08975015
9521,0.043613795
5896,0.07392989
4173,0.50663275
6886,0.028140824
3247,0.28792906
5853,0.078495696
8064,0.021184154
9438,0.04574837
7887,0.035482585
1342,0.06350707
1370,0.81845355
1091,0.6101542
64,0.08069003
5179,0.9072718
8664,0.7602385
7047,0.060024697
3183,0.17541133
8460,0.8398631
1086,0.08446426
4843,0.053343546
4991,0.05324935
140,0.06795839
6007,0.076514475
1228,0.8149086
7391,0.058134567
8258,0.535829
7246,0.036399353
3221,0.23754524
7316,0.050927762
186,0.048398007
4171,0.1678698
1626,0.04124102
3663,0.0828077
3680,0.0867029
4943,0.074451864
3953,0.030322092
5586,0.030838214
6253,0.05032063
7583,0.069674335
2992,0.07758849
4837,0.06624896
3741,0.06812445
9015,0.03541773
1210,0.60535973
3546,0.05337559
169,0.09412996
7782,0.06671437
4016,0.06125621
8190,0.04349625
5781,0.044667743
9241,0.20343597
8220,0.06806068
3602,0.06460746
2495,0.24699953
3848,0.80104035
2553,0.10070899
9597,0.6238261
4480,0.048572466
2364,0.05126619
507,0.8430332
3142,0.079532795
853,0.119806364
8509,0.10005864
1598,0.84123677
5562,0.6153154
2595,0.22345129
4261,0.71729153
3129,0.029570628
2474,0.04545472
8121,0.04129626
831,0.8284982
5795,0.0657753
4470,0.048469163
5280,0.024148507
6525,0.9018887
7297,0.08183697
953,0.7856366
3322,0.069832176
5738,0.092458375
7960,0.05438052
5269,0.050439086
1054,0.6039948
4026,0.70775557
3557,0.69611484
7973,0.6833974
7185,0.046083923
3318,0.03158731
3475,0.06396388
4658,0.21058695
496,0.12654826
4295,0.78915775
3408,0.052283883
239,0.82722527
8273,0.04934147
7751,0.061608344
344,0.07250466
2937,0.05422099
6105,0.061578244
1782,0.0959934
7328,0.07013944
7169,0.80929935
875,0.26908496
4655,0.5571948
1031,0.84756994
4715,0.26814887
2163,0.027203964
3015,0.057811886
3973,0.0655023
4526,0.098994635
8974,0.09066825
7339,0.08366611
5669,0.12522908
7773,0.032758065
1687,0.07078995
672,0.70328647
8552,0.68271446
4330,0.06753944
7736,0.06472366
1430,0.14551291
2651,0.081456244
1021,0.83784777
3345,0.030314608
5235,0.07231469
2300,0.65431046
6814,0.026541624
8052,0.049948126
534,0.8423511
3046,0.02117886
571,0.81682324
5629,0.16515115
7654,0.026542287
4297,0.05448485
5636,0.055499494
2103,0.8201258
5351,0.06492452
6306,0.6538856
2736,0.032109383
3594,0.7179205
988,0.30897543
871,0.82669574
3366,0.56890213
8631,0.5341904
6015,0.5579304
2647,0.13367395
1587,0.83262974
7259,0.0633517
6122,0.06671437
7539,0.08238652
9882,0.022672275
4347,0.06319392
4337,0.08854031
9874,0.37430495
3493,0.055461638
4729,0.16675852
5393,0.039976675
9091,0.764544
699,0.8394284
3782,0.039229095
8371,0.063950375
7474,0.042482626
5748,0.7421375
1399,0.6039422
7352,0.07506371
5752,0.026509793
7743,0.06223981
6092,0.023169432
4251,0.6551616
8996,0.028191121
6586,0.056642015
7146,0.06594583
7653,0.08169126
6739,0.33844456
2094,0.7293623
2007,0.79507923
4877,0.04843519
5112,0.062457167
9937,0.54758674
4515,0.046843167
4074,0.0777092
816,0.1699642
9879,0.34577227
9300,0.14199772
540,0.10322101
8725,0.8974263
6485,0.043803077
389,0.09020487
9207,0.05845687
2916,0.016762549
8098,0.20912144
7085,0.02998087
6795,0.062261336
1489,0.30309403
1884,0.84357154
5320,0.85115075
4895,0.07381996
7390,0.04416364
4080,0.052647583
9549,0.07380114
4445,0.06368855
4082,0.063604854
6317,0.60531485
838,0.048361313
7804,0.69278955
5727,0.026497977
9405,0.82659584
1911,0.70041883
7248,0.0498366
6171,0.048189096
2097,0.82790536
9835,0.062112
825,0.81794
5848,0.065002225
2740,0.09851308
8424,0.12496724
877,0.8087193
4556,0.28032732
1751,0.7922605
6619,0.45020574
163,0.048257254
1545,0.1524187
106,0.6409785
2781,0.0659338
7721,0.19329482
8748,0.90552294
4647,0.04811544
2509,0.05272432
8373,0.81827635
6248,0.035495937
7405,0.019747099
5870,0.071436375
2406,0.026127776
8444,0.9091631
6307,0.092458375
4066,0.050171647
4156,0.07218208
3519,0.06564965
6181,0.0664371
258,0.10478862
4310,0.038008243
8923,0.1413602
6192,0.027166812
5059,0.6707013
8782,0.9074199
2830,0.6859096
948,0.84110606
6401,0.033526663
4584,0.031986557
4827,0.053563878
2086,0.8293819
6206,0.049288787
9352,0.0758226
2079,0.7059763
5745,0.055660155
7461,0.08015088
8573,0.65661466
4013,0.76186323
1172,0.18704294
9563,0.054236323
9711,0.07185262
7855,0.027563393
1456,0.3304632
649,0.87045765
5476,0.4772499
7929,0.05592951
4810,0.0302453
3488,0.14562176
6302,0.60214055
4940,0.6687121
5293,0.34397003
9543,0.0772149
4860,0.03818117
6291,0.05322442
4225,0.09488152
4400,0.5005037
7501,0.06101946
9585,0.17722785
1611,0.30070263
3126,0.03849781
8818,0.8951746
5176,0.06746146
802,0.07514266
3508,0.0425789
9177,0.084875055
4410,0.07445818
2402,0.082627036
4948,0.026944824
9122,0.12912872
8230,0.027373252
2459,0.019747099
8171,0.024949318
8185,0.06671437
1434,0.11481173
2608,0.04965868
7407,0.08779141
5046,0.07639066
4593,0.054617543
4446,0.054532845
8026,0.09673518
6069,0.040318422
1134,0.6571066
2440,0.07230572
8931,0.040808633
7799,0.04443042
2110,0.85279185
1301,0.12838574
4653,0.15842475
5622,0.08206552
3772,0.032268997
1444,0.42881915
3172,0.050778486
2796,0.07949926
7433,0.095746875
4419,0.028083567
8586,0.6426685
427,0.05683528
7256,0.08891668
952,0.8005576
2159,0.040972058
1041,0.8078421
4712,0.5459674
6130,0.0211676
2084,0.65728134
3675,0.0193886
5834,0.05337559
7933,0.3670355
9935,0.69243014
3040,0.059762415
8434,0.5731445
8954,0.03610509
3313,0.024376392
7689,0.9019773
6741,0.04901138
1857,0.83016735
4685,0.08291289
7598,0.087346055
7605,0.07040384
7904,0.05695842
9594,0.6086579
3801,0.019965643
2244,0.69008744
8808,0.6814616
1411,0.16550487
9763,0.030405112
7555,0.08955577
5254,0.06965772
4024,0.055234574
7722,0.06079911
8873,0.8011084
4597,0.76509255
3713,0.07458936
7452,0.06257914
4011,0.6939466
4994,0.08775877
4050,0.033291038
9603,0.5674744
9127,0.102068715
3862,0.07190781
2302,0.67444867
2473,0.89198846
3520,0.02861
5884,0.048968613
9572,0.048540834
7290,0.030523444
574,0.051483043
3232,0.031122249
7747,0.034466647
6537,0.041253682
7531,0.059018206
949,0.15107533
6463,0.069097236
6546,0.049222056
6981,0.31958717
9621,0.049532566
8161,0.83057714
1057,0.75148207
7993,0.04157614
1421,0.643211
9094,0.17157272
8255,0.06765039
3867,0.034680523
795,0.16961889
8454,0.89254135
7941,0.05654053
1038,0.059113044
9389,0.042888764
1039,0.17706266
966,0.7798092
5898,0.045113
9291,0.023284143
7346,0.04756593
4287,0.088968575
7114,0.07813499
4142,0.06846003
4873,0.02752826
3160,0.024376392
1888,0.8440743
9992,0.78313994
9411,0.057176914
479,0.104993284
5290,0.08614305
9501,0.06228413
1836,0.8726852
7315,0.022172015
1740,0.0691413
9490,0.078684404
7411,0.04733464
9770,0.07901982
8539,0.6283873
9173,0.024602268
2976,0.74917775
9081,0.06485746
9159,0.094991446
5457,0.538541
2889,0.0332608
2908,0.09170077
6975,0.06209351
2232,0.04587044
9444,0.4718907
5387,0.0961273
5002,0.054760806
887,0.059938386
9999,0.7561877
2290,0.06716456
4078,0.06197498
8043,0.066571794
2204,0.045759622
8433,0.8633291
3037,0.0504847
8936,0.060751826
3734,0.077411816
5982,0.02857693
954,0.78287965
2460,0.19940026
4463,0.052967023
1544,0.2628028
9113,0.036641303
606,0.06768919
8507,0.04866882
4043,0.13695799
2993,0.11830321
5012,0.43356043
2273,0.041258536
2985,0.62358576
6849,0.63630295
621,0.8205161
4836,0.72091234
4931,0.057916887
987,0.27433392
9676,0.35325453
2051,0.7464433
1658,0.6034465
9448,0.077212386
8224,0.7519583
7443,0.24556074
8119,0.538541
1225,0.7471236
1707,0.257596
5722,0.6550404
2208,0.66008145
925,0.5634492
8008,0.65889627
8992,0.07359529
3316,0.6358081
8898,0.76229507
655,0.83117384
2071,0.77883285
2552,0.7957763
2503,0.039948605
4496,0.60254234
1180,0.89209145
2871,0.03131154
2979,0.029570628
1704,0.6760351
2386,0.121022895
3084,0.07632064
16,0.14818436
7156,0.042482626
4585,0.08327023
3811,0.56286335
6816,0.034101833
6274,0.040740903
5737,0.3726859
8120,0.04685601
7926,0.0887325
5084,0.052369263
3585,0.34193558
9304,0.4776744
6988,0.04791573
8451,0.9039641
120,0.8258314
1873,0.87755555
8580,0.65163153
1621,0.15688626
7956,0.4820849
3244,0.0720451
4998,0.13818927
1821,0.8652654
6541,0.04129368
3219,0.032109383
4941,0.5802623
2211,0.66568965
9940,0.7664811
1415,0.64768326
1521,0.1732158
9363,0.09717215
2850,0.0243969
7668,0.079703264
1902,0.8640412
4473,0.06422086
2299,0.12636003
5418,0.04329139
7064,0.02499963
2140,0.70148134
5860,0.053797897
5981,0.069232255
3996,0.038255714
367,0.80703974
6655,0.06892841
9581,0.031433955
2036,0.7540307
5630,0.10989829
5749,0.65105003
7596,0.072177656
4292,0.5671818
3186,0.06366455
603,0.3134759
1129,0.20538025
3776,0.69478184
5336,0.0973961
5902,0.037359953
8738,0.806572
6189,0.059931867
7964,0.035462372
455,0.10327059
4012,0.036705952
5867,0.054585546
3591,0.05480047
9674,0.3022645
1841,0.7782199
5083,0.032217734
7571,0.23930961
3159,0.80680275
2270,0.26491538
7691,0.032109257
928,0.74029577
3913,0.5970039
697,0.82526755
7490,0.07154019
8926,0.098723724
2840,0.069629796
7639,0.16597924
4935,0.03818117
7376,0.11420563
3954,0.103524484
8528,0.656027
5342,0.05450221
4912,0.5539273
5582,0.054604504
9406,0.062330097
141,0.15688626
8999,0.6945203
2491,0.061769236
3325,0.060292754
6168,0.050892048
3184,0.026549298
9302,0.041968353
7963,0.05010848
8081,0.13714081
3285,0.045992438
8865,0.028884355
4932,0.7296057
5237,0.58456063
3877,0.7387039
5224,0.08156423
6449,0.067369245
6536,0.061624516
6688,0.028542565
665,0.72017837
6226,0.06301029
7178,0.019091643
1059,0.63339466
2206,0.059970293
6763,0.05752155
8867,0.09124744
6235,0.04326678
9387,0.03281791
7599,0.12891744
497,0.8253564
3803,0.07862229
2076,0.8781189
7611,0.8274737
9643,0.057556447
5882,0.07739271
1098,0.81379604
8476,0.8338278
2588,0.7634696
4544,0.08799926
40,0.8312017
3192,0.066165484
42,0.59451663
1143,0.80657464
9510,0.033079762
3393,0.048340295
8794,0.89600104
1019,0.8087538
7629,0.075585455
7125,0.1088288
9746,0.05502578
9189,0.70793146
8590,0.6814616
5664,0.046688505
3140,0.06366455
7334,0.043993812
6734,0.27962175
8277,0.083852045
145,0.09663719
7091,0.07636109
5520,0.03806026
132,0.39186886
9023,0.08427029
4119,0.067653894
9446,0.08188005
6315,0.042061638
4312,0.011875318
8138,0.07346918
5680,0.0775919
9274,0.017346753
9114,0.7064652
8810,0.7653197
4614,0.124492615
5571,0.07468635
7004,0.14969161
2803,0.057811886
2800,0.053317644
2417,0.065029934
8711,0.65843827
8115,0.66828537
8749,0.71241367
2006,0.89594877
4708,0.10982573
2843,0.020742323
1967,0.754694
6454,0.0279537
9394,0.7790233
9064,0.8319003
8696,0.65902895
7797,0.041599665
4509,0.04469778
7572,0.029971218
7711,0.056744136
5296,0.08475317
3820,0.04494487
4553,0.6762301
1736,0.056038085
6146,0.027463958
6022,0.5579304
1959,0.83334446
3919,0.6023966
21,0.85748684
8088,0.07468114
8747,0.8190963
3414,0.04175501
6542,0.22784767
4611,0.20325506
6114,0.05753205
8225,0.038751155
1003,0.857766
6223,0.040137663
7875,0.040548604
4674,0.14533213
3531,0.8540653
8053,0.5495401
6014,0.03435683
4805,0.07371618
7393,0.04935816
7121,0.08249782
8843,0.66828537
9649,0.0746015
2549,0.02508534
9624,0.47500944
2377,0.02774567
1023,0.3469788
4567,0.14868774
9257,0.020957287
4872,0.07313868
9614,0.05027557
3863,0.036055226
4853,0.5670802
5817,0.04426721
1728,0.77928036
7115,0.057980824
1770,0.7314983
9517,0.046449732
3258,0.04842316
8368,0.060781974
6236,0.7487464
8625,0.7081961
7149,0.051247142
4335,0.0433205
8049,0.5191592
4003,0.50530934
9960,0.061220285
7839,0.026424373
8023,0.05898733
5452,0.062665924
2263,0.06585082
4185,0.37667748
7406,0.044702858
1069,0.8058064
5827,0.069048904
4880,0.04262181
1758,0.7355114
9457,0.04945746
1450,0.08195377
1365,0.85202396
595,0.7579963
4670,0.077283256
6035,0.034180827
9084,0.82036126
6806,0.06733881
1436,0.06831151
6965,0.37546584
6843,0.071818314
2189,0.030354628
8330,0.054375555
6465,0.035495937
9283,0.059448488
676,0.76159775
6436,0.046552643
9704,0.046474088
2423,0.032443702
1148,0.16042833
5992,0.055286847
6553,0.052828204
5740,0.051681165
5433,0.03208035
5766,0.07869134
8317,0.02861
2275,0.67621
3942,0.6385143
9397,0.5931357
8363,0.05658955
3226,0.81691116
9790,0.072686106
1741,0.07955121
2832,0.052933715
8560,0.8396493
1810,0.8337774
3489,0.043022517
7953,0.6154334
664,0.8488764
3671,0.81862247
9254,0.17926134
9547,0.5901752
7224,0.052695975
5404,0.8852545
5583,0.04874697
8661,0.3897835
9058,0.73642576
7858,0.06015703
9440,0.07713054
8607,0.66349036
5995,0.054426566
985,0.80663836
922,0.65272754
160,0.057828534
9333,0.057913195
4628,0.07468114
4455,0.036246665
8714,0.8827941
1344,0.05849367
3950,0.05552758
4057,0.06200611
1800,0.32904094
1928,0.8237132
9227,0.11215751
8840,0.7014448
3558,0.025505379
5013,0.04696046
5478,0.06352979
8614,0.7474959
9665,0.55391425
9318,0.051733665
7545,0.0490336
6851,0.059811965
492,0.23306334
5494,0.074451864
3893,0.04143589
35,0.83045673
5638,0.08613488
5306,0.09436344
1563,0.16132759
5926,0.2501437
7419,0.060925007
20,0.70465094
1270,0.7554408
2026,0.8581806
5339,0.86108726
8972,0.027667897
9217,0.8476016
4412,0.08514568
6601,0.058710907
4577,0.046225004
8126,0.20208035
9555,0.06359824
2511,0.025295153
4882,0.08035712
6459,0.07625708
7768,0.026845366
9097,0.039095808
4282,0.053471804
1071,0.84965944
3295,0.01823892
4265,0.075639546
1435,0.2274731
8409,0.8195865
6039,0.04681367
5758,0.4687778
7602,0.02381955
2569,0.1089385
10,0.15297624
8556,0.753496
5023,0.057364725
3625,0.04958353
5531,0.069544904
8349,0.048236005
1317,0.21412139
7849,0.049732026
5635,0.031508278
4917,0.01741313
8268,0.065843895
7713,0.058909982
8296,0.048862565
5983,0.01969828
9794,0.11278923
379,0.77376115
4047,0.01664426
9698,0.06267525
6613,0.06590389
7758,0.04760859
5685,0.026509793
7724,0.0714996
3977,0.04922072
4210,0.024789922
5742,0.0377354
5736,0.08853458
4516,0.63957256
3777,0.72091234
1912,0.68306804
8176,0.029547473
9216,0.054769803
7548,0.022665793
8187,0.021457897
5340,0.55981505
6583,0.060773276
46,0.086885706
1410,0.07400366
4659,0.025663566
9478,0.048304822
3978,0.02742284
9044,0.6660023
3816,0.06922634
2372,0.06322716
2536,0.058134567
2055,0.86222166
3635,0.04685601
9236,0.063545495
5109,0.07406696
6477,0.55913883
5556,0.048783787
2181,0.054407693
8673,0.61298394
5019,0.82013994
5535,0.05552758
3900,0.039446596
9230,0.82036126
7911,0.3957182
9427,0.05187929
3310,0.061718125
4216,0.049775627
8339,0.70775557
2011,0.8388055
7320,0.03154383
5239,0.04690773
872,0.24841303
9584,0.520568
4209,0.7761019
1854,0.18677697
2378,0.8268135
179,0.08455836
9429,0.061659142
3469,0.5144637
4042,0.581528
9407,0.054930344
9214,0.07359529
4258,0.20329534
6478,0.10894504
4768,0.4231834
3377,0.59830946
6991,0.04336658
6834,0.04331099
6102,0.05412241
3937,0.4055309
9098,0.77484083
1913,0.8395011
6858,0.36690372
100,0.69088674
6344,0.039655942
8517,0.25684696
1234,0.14022286
9049,0.5727997
4640,0.08668819
1383,0.7624534
1285,0.4351519
6339,0.58949375
7943,0.8298626
1766,0.8052475
4307,0.034710396
168,0.73366547
7734,0.07712564
623,0.24277522
7897,0.026122378
8623,0.6555411
5989,0.045788042
7788,0.07317412
6422,0.06922634
5705,0.057679
9455,0.095958784
3005,0.04747831
5837,0.047328416
3499,0.06311299
1989,0.7509239
143,0.7871517
9922,0.53250015
7329,0.29848
878,0.76466316
7446,0.021101583
8538,0.61812556
9418,0.027965559
7767,0.6145681
3181,0.7890845
7805,0.5670802
7473,0.03451191
1407,0.84655213
4554,0.054617543
8518,0.47654814
5105,0.06142232
1236,0.08694355
9675,0.04234629
8700,0.9040785
9054,0.07434107
3696,0.043101322
3155,0.03132278
8009,0.08035706
9211,0.086903684
7990,0.6666992
7099,0.06257914
5652,0.1063097
8251,0.060763963
38,0.85164344
3968,0.044534624
4835,0.6860285
1874,0.86066085
4696,0.11727782
3436,0.03716793
5690,0.5808392
4784,0.82113993
5251,0.10082991
3607,0.06553303
4244,0.6633013
994,0.36378643
4235,0.037984565
3003,0.023489522
3751,0.032154694
857,0.32454547
6745,0.051722255
4558,0.08537131
3498,0.060671292
544,0.45225322
3771,0.7877493
2346,0.0962973
4679,0.10001094
2799,0.06257914
3300,0.80293214
4759,0.14165898
8307,0.067211814
5942,0.06301029
5573,0.03315191
8860,0.066592254
6354,0.058269482
6199,0.035172682
1379,0.8561001
6897,0.078062944
276,0.16122258
6342,0.033996824
6368,0.024636429
8814,0.83333105
2866,0.019747099
8462,0.7495947
9144,0.6866657
7083,0.059981484
4159,0.11977202
791,0.8484698
8716,0.89742947
7366,0.06768216
8338,0.8525775
89,0.76316214
7506,0.06725292
8266,0.73853976
2361,0.76994735
3564,0.0738801
7812,0.025572954
8775,0.89592266
2787,0.062454667
9880,0.07465829
7130,0.07456354
6587,0.04485861
176,0.087039314
5624,0.039983578
2021,0.78015935
7467,0.082770005
8112,0.63160664
2133,0.77004164
5513,0.059446964
8413,0.7986118
1017,0.057212964
421,0.11723549
6874,0.026284069
1036,0.75927866
6987,0.09757108
8170,0.06922634
9876,0.045476053
1670,0.80214477
6644,0.045537464
7585,0.050434597
3191,0.06257914
4725,0.18482476
1118,0.8100809
748,0.71217346
4622,0.045599863
4733,0.06689327
6012,0.03053159
6778,0.042283665
5122,0.06759773
270,0.4935855
6212,0.06765039
4188,0.04282548
8595,0.63701594
3909,0.04122982
9721,0.03620161
7524,0.03287314
9458,0.07630476
1165,0.2912668
7718,0.032566153
9371,0.22359122
9753,0.086144455
2310,0.6608186
8202,0.05246171
3514,0.66731536
6078,0.022650044
1005,0.19721219
2432,0.08684666
6632,0.58216214
4542,0.61052245
9619,0.083829775
8141,0.061556727
9096,0.024338663
6388,0.06079911
2812,0.121667445
2929,0.08169126
909,0.05978497
894,0.19315605
6578,0.070574015
4971,0.061300065
8766,0.05130859
4938,0.05827923
5227,0.07294997
8893,0.41349044
2436,0.05465887
6832,0.067772776
3336,0.16662435
173,0.75897664
7573,0.026573395
434,0.08087665
3620,0.07665118
9441,0.65579295
9476,0.33481932
7266,0.035437517
4995,0.70592827
7515,0.11861824
2858,0.22730352
9219,0.15987878
4023,0.04738196
4468,0.61799395
8379,0.024837688
2531,0.06635944
316,0.08917841
7840,0.075639546
1679,0.8319643
7201,0.20752613
9592,0.06386628
1511,0.18712896
6494,0.023727687
405,0.5456852
7342,0.057037033
3810,0.06596968
5928,0.04485861
4618,0.71833247
1982,0.83135384
9370,0.06927226
1470,0.62882334
3426,0.05263248
1282,0.13089482
6953,0.0498681
6091,0.06671437
6483,0.039875697
6692,0.025824446
6800,0.025616813
8567,0.69931215
789,0.09754909
5516,0.07190781
7195,0.1062177
5356,0.7415569
4353,0.025683496
3718,0.053521976
7717,0.021312973
6252,0.08475317
9741,0.07409897
598,0.48071355
538,0.09278419
4366,0.05551835
9402,0.59144086
5699,0.052089524
8482,0.6366285
8423,0.7205833
7847,0.06745767
841,0.2282365
2005,0.8085499
8470,0.6915339
8280,0.027200455
9107,0.08668796
5532,0.6871447
8983,0.81440395
3000,0.74990374
4423,0.081960715
1351,0.17049734
5415,0.028915387
6549,0.047524814
1922,0.745321
3789,0.0679105
6334,0.035039503
4561,0.049551204
7059,0.27346477
1294,0.7753416
7504,0.087593615
1749,0.8518235
4191,0.059811965
6160,0.5808392
6918,0.60011756
2576,0.08560088
1110,0.1962966
78,0.11017812
2961,0.05082148
7066,0.06912066
695,0.08542138
9073,0.030347379
1146,0.8383551
1458,0.73061734
9349,0.02703615
6333,0.071764894
6032,0.02171956
9311,0.21650167
9019,0.08684169
1491,0.23542868
4123,0.095610864
8002,0.8773663
4996,0.07197934
3319,0.029570628
4898,0.041926224
4605,0.055163573
764,0.90881884
5045,0.76079404
4907,0.7204497
1962,0.7869675
4358,0.08119726
5267,0.7462629
6338,0.06922634
4511,0.01855541
5515,0.6029233
8998,0.3420673
6140,0.07045091
230,0.0747538
4213,0.02446835
400,0.18338181
5777,0.023056053
7299,0.12981638
8991,0.03206955
36,0.8274265
5079,0.06957475
2480,0.19383709
247,0.124571696
9119,0.17832017
1684,0.8397174
6989,0.09392304
4367,0.5864448
8988,0.07232206
4275,0.045813747
5536,0.02253085
3378,0.06129351
3233,0.07636109
7369,0.028809851
5802,0.062579535
2498,0.044964403
6551,0.026600754
9001,0.03206955
6878,0.07027422
8114,0.040834986
7223,0.09543157
3216,0.027748069
7280,0.054822717
8847,0.05639045
5820,0.07137911
8261,0.060344767
9671,0.073862456
8622,0.7367758
2877,0.06839394
4728,0.12828436
3359,0.025833113
3418,0.04840104
7633,0.07024428
5363,0.69502854
3150,0.16825165
2802,0.12496724
6138,0.026281305
6522,0.08082732
2355,0.064623244
1562,0.40758136
1905,0.59702754
3785,0.027470646
6029,0.6833974
5207,0.77637416
8076,0.030689945
9221,0.052394718
6362,0.046391
5481,0.061334867
9029,0.1805943
9368,0.3586286
252,0.058917303
1677,0.8710447
5378,0.082038015
5364,0.8243554
6462,0.02514092
216,0.6747677
1645,0.30849376
415,0.12862374
2829,0.06306109
5892,0.07216318
6685,0.04943246
6914,0.08178257
1352,0.044931993
3072,0.5452429
3515,0.070311725
9392,0.48995948
6475,0.04129626
5123,0.019683681
3082,0.061769236
916,0.10100667
4702,0.026421243
6073,0.07095344
6366,0.54149103
9616,0.06278255
5204,0.050750177
7746,0.10655638
8467,0.67193896
7786,0.071158655
6311,0.077907115
9,0.80293214
4143,0.03745017
7089,0.06257914
817,0.16233036
9970,0.78846496
2875,0.023981102
4689,0.043718275
7190,0.42846885
6860,0.88968503
7856,0.039997336
7113,0.029380973
2953,0.70435077
3677,0.33844456
54,0.81899023
8613,0.5984516
3834,0.5808392
28,0.32170275
6740,0.03750662
7692,0.048035897
7048,0.120535925
1153,0.85040927
1739,0.75466555
3798,0.062579535
4879,0.053070232
7700,0.06922634
8056,0.10781872
5900,0.046577834
9495,0.04048337
3229,0.023791421
7980,0.06654599
2019,0.85947084
4592,0.6894379
5819,0.026281305
6903,0.085914664
5242,0.055016182
8506,0.56508684
3814,0.048469223
3253,0.78951955
9907,0.07053714
6676,0.88454217
9511,0.05640098
774,0.86948645
7984,0.05213218
9943,0.7970518
5032,0.074483655
4447,0.5954007
5273,0.08553835
9350,0.046997815
6424,0.048058584
3688,0.064348616
4508,0.052553352
3551,0.71335757
4437,0.06765039
4846,0.61230797
605,0.7933932
292,0.09347182
4083,0.14797969
265,0.8021151
2010,0.83919716
6961,0.37546584
7832,0.116726644
8287,0.08165243
2913,0.7858423
1584,0.09483315
3483,0.46614742
6065,0.025128884
3898,0.69246304
3821,0.046466205
3199,0.10645077
9559,0.53911453
5958,0.073925205
9364,0.03066407
5922,0.094847694
818,0.09379739
9608,0.14019963
4681,0.85629
3068,0.8480171
9622,0.097066425
9315,0.6076814
9317,0.03260812
2023,0.7036699
5654,0.045584243
6683,0.032162648
9252,0.7554312
9609,0.51166886
2998,0.074599534
6669,0.0368231
5890,0.045024164
9186,0.063545495
4939,0.13785669
1357,0.21944235
2180,0.023036502
2484,0.07949926
2586,0.07045518
1682,0.023598058
4977,0.08104182
590,0.88697195
2938,0.8195865
5789,0.8019771
4321,0.859319
1175,0.7294443
8455,0.8825529
7101,0.030808669
4915,0.048340295
7388,0.53101397
3879,0.15951547
8092,0.3565076
9071,0.6755279
2249,0.104054384
5746,0.02742166
7253,0.11519233
7888,0.025636394
3659,0.044988368
5358,0.056064337
9086,0.08411567
8392,0.8343642
8906,0.48610878
1808,0.8306268
8680,0.61291194
5895,0.08989149
6701,0.054512702
812,0.64058787
5569,0.052752573
5305,0.7360483
7404,0.09074383
7385,0.030762417
5377,0.16004144
4600,0.10716591
2526,0.82809687
2779,0.022014717
6901,0.81427556
3301,0.01985975
2681,0.21560846
8917,0.03459457
6677,0.9003157
1578,0.83814085
4578,0.056726933
9150,0.67002314
8438,0.904905
2572,0.018734543
9869,0.70053476
7516,0.053233538
2563,0.023811786
2700,0.0987818
2567,0.06857117
3114,0.08905352
5876,0.081540205
3078,0.26594794
1131,0.63240206
8616,0.601682
8522,0.1315199
2622,0.08025467
6173,0.54689616
3456,0.0236604
9454,0.04224946
6579,0.049825165
865,0.20451754
7154,0.04965868
7908,0.051168315
2940,0.021302572
907,0.04504519
9265,0.084951274
5793,0.029538667
1921,0.8370671
8348,0.04456244
1117,0.2047266
4847,0.048340295
3533,0.0738422
8181,0.039816473
2688,0.072311684
5910,0.04090925
1394,0.8801789
5447,0.5800942
6443,0.082868725
567,0.080698244
8103,0.045871105
3567,0.04810512
1056,0.05239746
8950,0.033307187
2407,0.050107256
7673,0.03957842
8011,0.042538766
4884,0.09314932
8968,0.07850608
201,0.10283552
1894,0.67955464
4946,0.61030024
1708,0.7729219
1124,0.83232915
4076,0.08342152
927,0.04377352
288,0.80435497
6597,0.050407484
1163,0.8065648
2139,0.8265702
6706,0.6117755
180,0.67572415
3526,0.04067901
4520,0.6917856
9928,0.55207455
7697,0.02473821
7395,0.025264926
5166,0.043785583
711,0.8645641
1002,0.08979484
9534,0.08314477
8229,0.4893822
399,0.12333112
221,0.08709406
1788,0.15966873
8313,0.28276536
104,0.72552496
2003,0.8000035
4625,0.31162962
4892,0.5537734
2292,0.05593808
1095,0.83958805
9103,0.60360235
7815,0.13271768
503,0.31742966
6409,0.044767525
5723,0.042155653
8836,0.8259612
3261,0.070800625
4346,0.53514
7032,0.070957355
935,0.09673317
618,0.092743516
8557,0.64314485
7958,0.04290235
3887,0.71532595
60,0.098974645
1490,0.38544485
4371,0.055267144
4878,0.7583802
8145,0.051259417
8759,0.8474884
8425,0.13615593
8908,0.08603221
5510,0.70925343
3555,0.5339811
8612,0.6543208
456,0.14398177
686,0.6797175
8376,0.82337064
275,0.8649296
4440,0.059430234
5944,0.079778425
360,0.8232932
9830,0.03940959
933,0.7009532
2301,0.12233704
2725,0.088199444
4434,0.046895996
5244,0.8624625
8768,0.32802525
9145,0.1610625
712,0.41622394
9634,0.7923484
7230,0.22280991
8943,0.101799294
5036,0.5795852
1251,0.8396819
807,0.73509866
8191,0.057171695
2896,0.058152694
7566,0.038099173
1343,0.24837267
8929,0.20363413
9451,0.023418035
7526,0.046698406
264,0.82258874
5871,0.11374678
6280,0.05158213
1403,0.6510029
8888,0.05385972
9788,0.090093896
1203,0.06193906
3562,0.78640765
1414,0.074900776
2239,0.08459374
4373,0.100599594
9474,0.3500067
741,0.84324235
3791,0.02752826
5971,0.063067846
3638,0.021165969
7857,0.053931687
2943,0.12973979
4344,0.024580082
8257,0.07628987
4452,0.04408411
7141,0.0422332
5301,0.7324575
3528,0.02861
577,0.1198398
2709,0.21375045
2245,0.08250661
1376,0.05187318
5284,0.08471531
1280,0.06548531
4148,0.71405333
3059,0.08564369
8921,0.031102866
55,0.12545165
5135,0.056154307
4517,0.8396672
6877,0.18308565
4771,0.07799012
1468,0.24715282
7303,0.061111696
1777,0.07323152
7777,0.06472366
584,0.04925132
7762,0.048276156
6750,0.039344124
7325,0.05593808
7896,0.05117116
284,0.7332364
8549,0.6449396
3296,0.7396438
9755,0.04244325
144,0.12161187
2609,0.07368255
8620,0.70328325
9669,0.07185262
5626,0.11398249
3430,0.037284963
3652,0.042497855
9055,0.02715095
6791,0.058710907
4034,0.65555716
2445,0.024702288
7180,0.053175528
3617,0.075612515
6881,0.09718303
418,0.8712876
8903,0.13487674
8806,0.6871447
9102,0.7662432
2246,0.12977129
290,0.6622371
3104,0.027391907
7775,0.09783156
4000,0.5353514
8866,0.0276648
4320,0.038875148
8892,0.023085661
8359,0.8160282
9238,0.06046133
997,0.7856366
3167,0.58645386
7922,0.07763872
1445,0.46840808
5589,0.038822476
296,0.05324935
7082,0.073658146
6524,0.075612515
8227,0.5566185
9345,0.0740553
1825,0.86475307
1311,0.10857327
300,0.07939509
770,0.8070173
4,0.12790139
7546,0.7453965
8513,0.11803293
926,0.7724456
325,0.4462894
5830,0.1331968
7035,0.061484892
2441,0.035889752
7179,0.07218692
9599,0.40648216
9533,0.4274512
6103,0.03184451
8879,0.027908005
7665,0.6115924
4850,0.6244938
989,0.64626974
2868,0.028933741
9994,0.68976355
8090,0.12031725
5357,0.03503456
896,0.16783829
6165,0.04881004
3932,0.6666429
251,0.46701202
8133,0.30278495
3727,0.05324935
2061,0.66060334
2690,0.03840168
5463,0.16386725
7983,0.87868834
1785,0.12970659
2115,0.8469576
586,0.05689781
3818,0.08239531
256,0.15140842
727,0.089607865
4126,0.6702702
6709,0.6290468
4803,0.07616576
7449,0.07621081
8626,0.76250106
6151,0.02140532
7161,0.022881165
4512,0.04196494
2977,0.04354211
2790,0.68535954
1954,0.79037625
9904,0.043393273
8005,0.18287171
6735,0.057393737
7278,0.38236323
4732,0.25602522
5052,0.69462895
1869,0.8607262
6204,0.06117633
4182,0.60423255
9074,0.33056682
9294,0.049731493
7122,0.05272432
2823,0.120898984
3467,0.48377773
7056,0.046928428
4421,0.050689
5258,0.09005782
4161,0.07668023
8715,0.8936094
863,0.10250292
1350,0.18485832
446,0.120578796
2353,0.0760862
5581,0.12717482
2156,0.19283302
4207,0.043338686
7399,0.028515942
792,0.1821101
7688,0.082901925
5986,0.18612704
2512,0.07243878
3403,0.0642044
277,0.09483923
4624,0.14932945
8305,0.07243213
6904,0.108152345
9426,0.028601857
1941,0.85852456
1115,0.24379393
4009,0.026321933
8134,0.07824142
7772,0.47485894
4580,0.072673894
8256,0.047065288
6300,0.026153676
2288,0.07531166
5541,0.029253107
9259,0.08432565
3477,0.021493273
6406,0.06811629
